{
    "total_runtime": 403.9206156730652,
    "num_documents": 3,
    "input_load_time": 0,
    "workflows": {
        "create_base_text_units": {
            "overall": 0.2441408634185791,
            "0_orderby": 0.0009772777557373047,
            "1_zip": 0.0010995864868164062,
            "2_aggregate_override": 0.0030164718627929688,
            "3_chunk": 0.2263627052307129,
            "4_select": 0.00099945068359375,
            "5_unroll": 0.002163410186767578,
            "6_rename": 0.0005598068237304688,
            "7_genid": 0.002588033676147461,
            "8_unzip": 0.001127481460571289,
            "9_copy": 0.00034737586975097656,
            "10_filter": 0.004433155059814453
        },
        "create_base_extracted_entities": {
            "overall": 324.2453796863556,
            "0_entity_extract": 324.21290397644043,
            "1_merge_graphs": 0.032166242599487305
        },
        "create_summarized_entities": {
            "overall": 15.23989725112915,
            "0_summarize_descriptions": 15.239668130874634
        },
        "create_base_entity_graph": {
            "overall": 0.06576156616210938,
            "0_cluster_graph": 0.06482100486755371,
            "1_select": 0.0007026195526123047
        },
        "create_final_entities": {
            "overall": 8.638738632202148,
            "0_unpack_graph": 0.02588057518005371,
            "1_rename": 0.0005815029144287109,
            "2_select": 0.0006809234619140625,
            "3_dedupe": 0.0007176399230957031,
            "4_rename": 0.00044274330139160156,
            "5_filter": 0.0065042972564697266,
            "6_text_split": 0.004245281219482422,
            "7_drop": 0.0005924701690673828,
            "8_merge": 0.04625892639160156,
            "9_text_embed": 8.544703245162964,
            "10_drop": 0.0008337497711181641,
            "11_filter": 0.00669407844543457
        },
        "create_final_nodes": {
            "overall": 0.15079784393310547,
            "0_layout_graph": 0.08250904083251953,
            "1_unpack_graph": 0.024013757705688477,
            "2_unpack_graph": 0.02351856231689453,
            "3_drop": 0.0007188320159912109,
            "4_filter": 0.009017705917358398,
            "5_select": 0.00063323974609375,
            "6_rename": 0.0004584789276123047,
            "7_join": 0.006750822067260742,
            "8_convert": 0.0020432472229003906,
            "9_rename": 0.0007529258728027344
        },
        "create_final_communities": {
            "overall": 0.09836816787719727,
            "0_unpack_graph": 0.022969484329223633,
            "1_unpack_graph": 0.020346879959106445,
            "2_aggregate_override": 0.0028073787689208984,
            "3_join": 0.0069386959075927734,
            "4_join": 0.006502628326416016,
            "5_concat": 0.0006375312805175781,
            "6_filter": 0.01958179473876953,
            "7_aggregate_override": 0.004142284393310547,
            "8_join": 0.005484819412231445,
            "9_filter": 0.004187107086181641,
            "10_fill": 0.00041675567626953125,
            "11_merge": 0.002781391143798828,
            "12_copy": 0.0004448890686035156,
            "13_select": 0.000606536865234375
        },
        "join_text_units_to_entity_ids": {
            "overall": 0.007126808166503906,
            "0_select": 0.0007355213165283203,
            "1_unroll": 0.0018773078918457031,
            "2_aggregate_override": 0.004269838333129883
        },
        "create_final_relationships": {
            "overall": 0.04367518424987793,
            "0_unpack_graph": 0.021344661712646484,
            "1_filter": 0.008914709091186523,
            "2_rename": 0.0005345344543457031,
            "3_filter": 0.0059735774993896484,
            "4_drop": 0.0005905628204345703,
            "5_compute_edge_combined_degree": 0.004651784896850586,
            "6_convert": 0.000728607177734375,
            "7_convert": 0.0005996227264404297
        },
        "join_text_units_to_relationship_ids": {
            "overall": 0.007360935211181641,
            "0_select": 0.0007450580596923828,
            "1_unroll": 0.0018305778503417969,
            "2_aggregate_override": 0.00394892692565918,
            "3_select": 0.0005869865417480469
        },
        "create_final_community_reports": {
            "overall": 52.76008701324463,
            "0_prepare_community_reports_nodes": 0.00782918930053711,
            "1_prepare_community_reports_edges": 0.003264188766479492,
            "2_restore_community_hierarchy": 0.00420832633972168,
            "3_prepare_community_reports": 0.060385942459106445,
            "4_create_community_reports": 52.68199849128723,
            "5_window": 0.00180816650390625
        },
        "create_final_text_units": {
            "overall": 0.019063711166381836,
            "0_select": 0.0008833408355712891,
            "1_rename": 0.0006349086761474609,
            "2_join": 0.007616758346557617,
            "3_join": 0.006220102310180664,
            "4_aggregate_override": 0.002787351608276367,
            "5_select": 0.0006041526794433594
        },
        "create_base_documents": {
            "overall": 0.023293495178222656,
            "0_unroll": 0.003246784210205078,
            "1_select": 0.0008203983306884766,
            "2_rename": 0.0007212162017822266,
            "3_join": 0.008818864822387695,
            "4_aggregate_override": 0.0020134449005126953,
            "5_join": 0.0054242610931396484,
            "6_rename": 0.0005421638488769531,
            "7_convert": 0.0010743141174316406
        },
        "create_final_documents": {
            "overall": 0.0007925033569335938,
            "0_rename": 0.0005848407745361328
        }
    }
}