{
    "total_runtime": 236.34403038024902,
    "num_documents": 2,
    "input_load_time": 0,
    "workflows": {
        "create_base_text_units": {
            "overall": 0.24706268310546875,
            "0_orderby": 0.0010106563568115234,
            "1_zip": 0.0011677742004394531,
            "2_aggregate_override": 0.003095388412475586,
            "3_chunk": 0.2297976016998291,
            "4_select": 0.0010106563568115234,
            "5_unroll": 0.002066373825073242,
            "6_rename": 0.0005452632904052734,
            "7_genid": 0.002018451690673828,
            "8_unzip": 0.0010836124420166016,
            "9_copy": 0.00033593177795410156,
            "10_filter": 0.004447221755981445
        },
        "create_base_extracted_entities": {
            "overall": 227.08633828163147,
            "0_entity_extract": 227.06545662879944,
            "1_merge_graphs": 0.020590543746948242
        },
        "create_summarized_entities": {
            "overall": 8.290170907974243,
            "0_summarize_descriptions": 8.28994607925415
        },
        "create_base_entity_graph": {
            "overall": 0.04484677314758301,
            "0_cluster_graph": 0.04385209083557129,
            "1_select": 0.0007379055023193359
        }
    }
}