{
    "total_runtime": 281.78283429145813,
    "num_documents": 2,
    "input_load_time": 0,
    "workflows": {
        "create_base_text_units": {
            "overall": 0.25095152854919434,
            "0_orderby": 0.0011785030364990234,
            "1_zip": 0.0012302398681640625,
            "2_aggregate_override": 0.0033071041107177734,
            "3_chunk": 0.23283863067626953,
            "4_select": 0.00103759765625,
            "5_unroll": 0.0021562576293945312,
            "6_rename": 0.0005588531494140625,
            "7_genid": 0.002030611038208008,
            "8_unzip": 0.001087188720703125,
            "9_copy": 0.00034236907958984375,
            "10_filter": 0.004675626754760742
        },
        "create_base_extracted_entities": {
            "overall": 264.8953220844269,
            "0_entity_extract": 264.8694667816162,
            "1_merge_graphs": 0.025509119033813477
        },
        "create_summarized_entities": {
            "overall": 9.473896741867065,
            "0_summarize_descriptions": 9.473676204681396
        },
        "create_base_entity_graph": {
            "overall": 0.053910017013549805,
            "0_cluster_graph": 0.053009033203125,
            "1_select": 0.0006642341613769531
        },
        "create_final_entities": {
            "overall": 5.585009574890137,
            "0_unpack_graph": 0.020214319229125977,
            "1_rename": 0.0005705356597900391,
            "2_select": 0.000652313232421875,
            "3_dedupe": 0.0006954669952392578,
            "4_rename": 0.00042724609375,
            "5_filter": 0.0034635066986083984,
            "6_text_split": 0.0030755996704101562,
            "7_drop": 0.0005407333374023438,
            "8_merge": 0.03318500518798828,
            "9_text_embed": 5.516735553741455,
            "10_drop": 0.0009565353393554688,
            "11_filter": 0.0040853023529052734
        },
        "create_final_nodes": {
            "overall": 0.1484229564666748,
            "0_layout_graph": 0.0662834644317627,
            "1_unpack_graph": 0.02695441246032715,
            "2_unpack_graph": 0.028409242630004883,
            "3_drop": 0.0011355876922607422,
            "4_filter": 0.009665966033935547,
            "5_select": 0.0009684562683105469,
            "6_rename": 0.0006172657012939453,
            "7_convert": 0.002843618392944336,
            "8_join": 0.01013946533203125,
            "9_rename": 0.0009284019470214844
        },
        "create_final_communities": {
            "overall": 0.0919651985168457,
            "0_unpack_graph": 0.02069401741027832,
            "1_unpack_graph": 0.01556396484375,
            "2_aggregate_override": 0.003164529800415039,
            "3_join": 0.007095813751220703,
            "4_join": 0.006560564041137695,
            "5_concat": 0.0006594657897949219,
            "6_filter": 0.016259431838989258,
            "7_aggregate_override": 0.00506591796875,
            "8_join": 0.005667686462402344,
            "9_filter": 0.004335880279541016,
            "10_fill": 0.0004763603210449219,
            "11_merge": 0.004774808883666992,
            "12_copy": 0.0004887580871582031,
            "13_select": 0.0006091594696044922
        }
    }
}