{
    "total_runtime": 222.93770003318787,
    "num_documents": 2,
    "input_load_time": 0,
    "workflows": {
        "create_base_text_units": {
            "overall": 0.244035005569458,
            "0_orderby": 0.0011096000671386719,
            "1_zip": 0.0011281967163085938,
            "2_aggregate_override": 0.002939939498901367,
            "3_chunk": 0.2267923355102539,
            "4_select": 0.0010111331939697266,
            "5_unroll": 0.002168893814086914,
            "6_rename": 0.0005421638488769531,
            "7_genid": 0.002005338668823242,
            "8_unzip": 0.0011115074157714844,
            "9_copy": 0.0003495216369628906,
            "10_filter": 0.0044155120849609375
        },
        "create_base_extracted_entities": {
            "overall": 213.7710840702057,
            "0_entity_extract": 213.74923086166382,
            "1_merge_graphs": 0.02158355712890625
        },
        "create_summarized_entities": {
            "overall": 8.23573899269104,
            "0_summarize_descriptions": 8.235239744186401
        },
        "create_base_entity_graph": {
            "overall": 0.049162864685058594,
            "0_cluster_graph": 0.04815268516540527,
            "1_select": 0.0007495880126953125
        }
    }
}