{
    "total_runtime": 232.12133622169495,
    "num_documents": 2,
    "input_load_time": 0,
    "workflows": {
        "create_base_text_units": {
            "overall": 0.23391485214233398,
            "0_orderby": 0.0010280609130859375,
            "1_zip": 0.0011720657348632812,
            "2_aggregate_override": 0.002970457077026367,
            "3_chunk": 0.21665239334106445,
            "4_select": 0.0010027885437011719,
            "5_unroll": 0.0021295547485351562,
            "6_rename": 0.0005686283111572266,
            "7_genid": 0.0020363330841064453,
            "8_unzip": 0.0010294914245605469,
            "9_copy": 0.00033020973205566406,
            "10_filter": 0.004524707794189453
        },
        "create_base_extracted_entities": {
            "overall": 215.0536663532257,
            "0_entity_extract": 215.03199291229248,
            "1_merge_graphs": 0.0213925838470459
        },
        "create_summarized_entities": {
            "overall": 9.395249128341675,
            "0_summarize_descriptions": 9.394751787185669
        },
        "create_base_entity_graph": {
            "overall": 0.030620574951171875,
            "0_cluster_graph": 0.029576778411865234,
            "1_select": 0.0007681846618652344
        },
        "create_final_entities": {
            "overall": 5.977538585662842,
            "0_unpack_graph": 0.007439851760864258,
            "1_rename": 0.0005927085876464844,
            "2_select": 0.0006840229034423828,
            "3_dedupe": 0.0006413459777832031,
            "4_rename": 0.0004315376281738281,
            "5_filter": 0.0036368370056152344,
            "6_text_split": 0.002692699432373047,
            "7_drop": 0.000576019287109375,
            "8_merge": 0.023665189743041992,
            "9_text_embed": 5.929009199142456,
            "10_drop": 0.0013899803161621094,
            "11_filter": 0.006300210952758789
        },
        "create_final_nodes": {
            "overall": 0.05693984031677246,
            "0_layout_graph": 0.026792526245117188,
            "1_unpack_graph": 0.008146524429321289,
            "2_unpack_graph": 0.007060050964355469,
            "3_filter": 0.003793478012084961,
            "4_drop": 0.0005755424499511719,
            "5_select": 0.0005424022674560547,
            "6_rename": 0.0004379749298095703,
            "7_convert": 0.0019478797912597656,
            "8_join": 0.006550788879394531,
            "9_rename": 0.0006699562072753906
        },
        "create_final_communities": {
            "overall": 0.04865384101867676,
            "0_unpack_graph": 0.006986379623413086,
            "1_unpack_graph": 0.0060176849365234375,
            "2_aggregate_override": 0.002698183059692383,
            "3_join": 0.006103992462158203,
            "4_join": 0.0057637691497802734,
            "5_concat": 0.000553131103515625,
            "6_filter": 0.004290342330932617,
            "7_aggregate_override": 0.0031685829162597656,
            "8_join": 0.005214214324951172,
            "9_filter": 0.0039560794830322266,
            "10_fill": 0.0004057884216308594,
            "11_merge": 0.0020766258239746094,
            "12_copy": 0.0004172325134277344,
            "13_select": 0.0005347728729248047
        }
    }
}