{
    "total_runtime": 222.01640844345093,
    "num_documents": 2,
    "input_load_time": 0,
    "workflows": {
        "create_base_text_units": {
            "overall": 0.24770355224609375,
            "0_orderby": 0.0012962818145751953,
            "1_zip": 0.0013468265533447266,
            "2_aggregate_override": 0.0034570693969726562,
            "3_chunk": 0.2282121181488037,
            "4_select": 0.0011992454528808594,
            "5_unroll": 0.0023605823516845703,
            "6_rename": 0.0005745887756347656,
            "7_genid": 0.002155303955078125,
            "8_unzip": 0.0011425018310546875,
            "9_copy": 0.00034236907958984375,
            "10_filter": 0.00472259521484375
        },
        "create_base_extracted_entities": {
            "overall": 204.42667484283447,
            "0_entity_extract": 204.39951491355896,
            "1_merge_graphs": 0.02670598030090332
        },
        "create_summarized_entities": {
            "overall": 9.380823373794556,
            "0_summarize_descriptions": 9.380359649658203
        },
        "create_base_entity_graph": {
            "overall": 0.0419163703918457,
            "0_cluster_graph": 0.04091453552246094,
            "1_select": 0.0007474422454833984
        },
        "create_final_entities": {
            "overall": 6.066779136657715,
            "0_unpack_graph": 0.012311220169067383,
            "1_rename": 0.0006031990051269531,
            "2_select": 0.0006573200225830078,
            "3_dedupe": 0.0006928443908691406,
            "4_rename": 0.00041866302490234375,
            "5_filter": 0.0036237239837646484,
            "6_text_split": 0.002458810806274414,
            "7_drop": 0.0005178451538085938,
            "8_merge": 0.024391889572143555,
            "9_text_embed": 6.016170263290405,
            "10_drop": 0.0008022785186767578,
            "11_filter": 0.00372314453125
        },
        "create_final_nodes": {
            "overall": 0.10961508750915527,
            "0_layout_graph": 0.05637955665588379,
            "1_unpack_graph": 0.016277790069580078,
            "2_unpack_graph": 0.015012264251708984,
            "3_drop": 0.0010123252868652344,
            "4_filter": 0.007906913757324219,
            "5_select": 0.0006768703460693359,
            "6_rename": 0.0005004405975341797,
            "7_join": 0.007927417755126953,
            "8_convert": 0.0025157928466796875,
            "9_rename": 0.0006966590881347656
        },
        "create_final_communities": {
            "overall": 0.08127045631408691,
            "0_unpack_graph": 0.014995336532592773,
            "1_unpack_graph": 0.013242959976196289,
            "2_aggregate_override": 0.004282951354980469,
            "3_join": 0.008032560348510742,
            "4_join": 0.006704092025756836,
            "5_concat": 0.0007140636444091797,
            "6_filter": 0.013332366943359375,
            "7_aggregate_override": 0.004217863082885742,
            "8_join": 0.006052970886230469,
            "9_filter": 0.004530906677246094,
            "10_fill": 0.00046706199645996094,
            "11_merge": 0.0028972625732421875,
            "12_copy": 0.0005035400390625,
            "13_select": 0.0006701946258544922
        }
    }
}