{
    "total_runtime": 234.99367213249207,
    "num_documents": 2,
    "input_load_time": 0,
    "workflows": {
        "create_base_text_units": {
            "overall": 0.2693600654602051,
            "0_orderby": 0.0010421276092529297,
            "1_zip": 0.001199960708618164,
            "2_aggregate_override": 0.0031328201293945312,
            "3_chunk": 0.25064539909362793,
            "4_select": 0.0013473033905029297,
            "5_unroll": 0.0022780895233154297,
            "6_rename": 0.0005617141723632812,
            "7_genid": 0.0021619796752929688,
            "8_unzip": 0.0011799335479736328,
            "9_copy": 0.00037479400634765625,
            "10_filter": 0.004896879196166992
        },
        "create_base_extracted_entities": {
            "overall": 225.22948002815247,
            "0_entity_extract": 225.19530391693115,
            "1_merge_graphs": 0.033411264419555664
        },
        "create_summarized_entities": {
            "overall": 8.437159776687622,
            "0_summarize_descriptions": 8.436891078948975
        },
        "create_base_entity_graph": {
            "overall": 0.04526472091674805,
            "0_cluster_graph": 0.04415631294250488,
            "1_select": 0.0007925033569335938
        }
    }
}